{
  "model": "Random Forest",
  "rmse": 20.005428858008347,
  "mae": 13.277599477416945,
  "r2": 0.6100480686955528,
  "split": "random",
  "test_size": 0.33,
  "random_state": 2020
}